interaction_id,betti_number,birth,death,lifespan,birth_nodes,death_nodes,birth_geneset,death_geneset,geneset
0,0,0.0,inf,inf,[14],"[14, 2]",['S100A9'],"['S100A9', 'TGM1']","['S100A9', 'S100A9', 'TGM1']"
1,0,0.0,2050.829628322626,2050.829628322626,[2],"[2, 0]",['TGM1'],"['TGM1', 'LRP2']","['TGM1', 'TGM1', 'LRP2']"
2,0,0.0,661.0302923625031,661.0302923625031,[18],"[18, 7]",['SCN5A'],"['SCN5A', 'KRT17']","['SCN5A', 'SCN5A', 'KRT17']"
3,0,0.0,82.22862392876796,82.22862392876796,[7],"[18, 0]",['KRT17'],"['SCN5A', 'LRP2']","['KRT17', 'SCN5A', 'LRP2']"
4,0,0.0,44.69266513782631,44.69266513782631,[21],"[21, 7]",['S100A2'],"['S100A2', 'KRT17']","['S100A2', 'S100A2', 'KRT17']"
5,0,0.0,38.59791845271581,38.59791845271581,[0],"[21, 15]",['LRP2'],"['S100A2', 'DES']","['LRP2', 'S100A2', 'DES']"
6,0,0.0,25.294152292822545,25.294152292822545,[22],"[22, 18]",['PKHD1L1'],"['PKHD1L1', 'SCN5A']","['PKHD1L1', 'PKHD1L1', 'SCN5A']"
7,0,0.0,24.674316897307406,24.674316897307406,[20],"[20, 1]",['SERPINA5'],"['SERPINA5', 'TF']","['SERPINA5', 'SERPINA5', 'TF']"
8,0,0.0,24.056333015666063,24.056333015666063,[15],"[22, 4]",['DES'],"['PKHD1L1', 'ELAPOR1']","['DES', 'PKHD1L1', 'ELAPOR1']"
9,0,0.0,23.94286240957313,23.94286240957313,[11],"[11, 3]",['S100A8'],"['S100A8', 'CAPS']","['S100A8', 'S100A8', 'CAPS']"
10,0,0.0,22.943260672403888,22.943260672403888,[3],"[3, 0]",['CAPS'],"['CAPS', 'LRP2']","['CAPS', 'CAPS', 'LRP2']"
11,0,0.0,16.656960159063384,16.656960159063384,[4],"[22, 10]",['ELAPOR1'],"['PKHD1L1', 'SPINK5']","['ELAPOR1', 'PKHD1L1', 'SPINK5']"
12,0,0.0,13.691359787585931,13.691359787585931,[10],"[15, 1]",['SPINK5'],"['DES', 'TF']","['SPINK5', 'DES', 'TF']"
13,0,0.0,12.561141273437299,12.561141273437299,[8],"[8, 1]",['PRRG3'],"['PRRG3', 'TF']","['PRRG3', 'PRRG3', 'TF']"
14,0,0.0,12.338708608632832,12.338708608632832,[6],"[6, 2]",['MSX2'],"['MSX2', 'TGM1']","['MSX2', 'MSX2', 'TGM1']"
15,0,0.0,10.781826274859469,10.781826274859469,[1],"[20, 5]",['TF'],"['SERPINA5', 'MUC5B']","['TF', 'SERPINA5', 'MUC5B']"
16,0,0.0,9.783400628424149,9.783400628424149,[16],"[16, 3]",['MUC16'],"['MUC16', 'CAPS']","['MUC16', 'MUC16', 'CAPS']"
17,0,0.0,8.514818903938886,8.514818903938886,[13],"[13, 10]",['MSX1'],"['MSX1', 'SPINK5']","['MSX1', 'MSX1', 'SPINK5']"
18,0,0.0,5.823219017487235,5.823219017487235,[17],"[17, 13]",['HEPHL1'],"['HEPHL1', 'MSX1']","['HEPHL1', 'HEPHL1', 'MSX1']"
19,0,0.0,5.820930373123356,5.820930373123356,[19],"[19, 13]",['MUC6'],"['MUC6', 'MSX1']","['MUC6', 'MUC6', 'MSX1']"
20,0,0.0,5.260213304907416,5.260213304907416,[5],"[17, 12]",['MUC5B'],"['HEPHL1', 'ATP6V1C2']","['MUC5B', 'HEPHL1', 'ATP6V1C2']"
21,0,0.0,2.8138658928820686,2.8138658928820686,[12],"[12, 9]",['ATP6V1C2'],"['ATP6V1C2', 'CCNA1']","['ATP6V1C2', 'ATP6V1C2', 'CCNA1']"
22,0,0.0,2.126582789359493,2.126582789359493,[9],[],['CCNA1'],[],['CCNA1']
