,interaction_id,betti_number,birth,death,lifespan,birth_nodes,death_nodes,birth_geneset,death_geneset,geneset
22,22,0,0.0,0.4751944457783369,0.4751944457783369,"[21, 5]","[21, 15, 12]","['FAS', 'AKT1']","['FAS', 'E2F1', 'CDKN1A']","['FAS', 'AKT1', 'FAS', 'E2F1', 'CDKN1A']"
21,21,0,0.0,0.4555337084323373,0.4555337084323373,[18],"[18, 12]",['CDK6'],"['CDK6', 'CDKN1A']","['CDK6', 'CDK6', 'CDKN1A']"
20,20,0,0.0,0.44367525244109635,0.44367525244109635,[23],"[23, 12]",['CASP9'],"['CASP9', 'CDKN1A']","['CASP9', 'CASP9', 'CDKN1A']"
19,19,0,0.0,0.436693775392919,0.436693775392919,[13],"[13, 12]",['RAD51'],"['RAD51', 'CDKN1A']","['RAD51', 'RAD51', 'CDKN1A']"
18,18,0,0.0,0.4234016901612206,0.4234016901612206,[17],"[17, 12]",['CCNE2'],"['CCNE2', 'CDKN1A']","['CCNE2', 'CCNE2', 'CDKN1A']"
17,17,0,0.0,0.42330466225504776,0.42330466225504776,[10],"[22, 19]",['BAX'],"['CDKN1B', 'ABL1']","['BAX', 'CDKN1B', 'ABL1']"
16,16,0,0.0,0.420415762500112,0.420415762500112,[4],"[12, 10]",['MYC'],"['CDKN1A', 'BAX']","['MYC', 'CDKN1A', 'BAX']"
15,15,0,0.0,0.41904065296824966,0.41904065296824966,[21],"[21, 15]",['FAS'],"['FAS', 'E2F1']","['FAS', 'FAS', 'E2F1']"
14,14,0,0.0,0.4161153306734354,0.4161153306734354,[16],"[16, 12]",['CASP8'],"['CASP8', 'CDKN1A']","['CASP8', 'CASP8', 'CDKN1A']"
27,27,1,0.3349858176728526,0.36175175835993456,0.026765940687081935,[1],"[12, 8]",['CDK2'],"['CDKN1A', 'TP53']","['CDK2', 'CDKN1A', 'TP53']"
